{
  "strategy_name": "MShotStrategy",
  "exchange": "gateio",
  "stake_currency": "USDT",
  "total_backtests": 9,
  "updated_at": "2025-11-04T16:51:40.168379",
  "median_total_trades": 10.0,
  "median_winning_trades": 7.0,
  "median_losing_trades": 3.0,
  "median_win_rate": 70.0,
  "median_total_profit_pct": 0.0,
  "median_roi": 0.0,
  "median_max_drawdown": 0.0,
  "median_profit_factor": 0.3300764652326417,
  "median_sharpe_ratio": 0.0,
  "median_sortino_ratio": 0.0,
  "median_calmar_ratio": 0.0,
  "median_expectancy": -6.072852866000001,
  "median_cagr": -0.5454898844336622,
  "median_avg_profit": 0.0,
  "median_buys": 10.0,
  "median_rejected_signals": 0.0,
  "backtest_win_percentage": 0.0,
  "ninja_score": 1278.110497845651,
  "has_lookahead_bias": false,
  "lookahead_issues": [],
  "has_tight_trailing_stop": false,
  "leverage": 1,
  "strategy_hash": "6b4744c7fd20ede519c78a831c5e23838997c535ad27335379029179c1883993",
  "is_stalled": false,
  "stall_reason": null,
  "is_active": true,
  "all_backtests": [
    {
      "strategy_name": "MShotStrategy",
      "total_trades": 10,
      "winning_trades": 7,
      "losing_trades": 3,
      "win_rate": 70.0,
      "total_profit_pct": 0.0,
      "roi": 0.0,
      "max_drawdown": 0.0,
      "profit_factor": 0.3300764652326417,
      "sharpe_ratio": 0.0,
      "sortino_ratio": 0.0,
      "calmar_ratio": 0.0,
      "expectancy": -6.072852866000001,
      "cagr": -0.5454898844336622,
      "avg_profit": 0.0,
      "buys": 10,
      "rejected_signals": 0,
      "leverage": 1
    },
    {
      "strategy_name": "MShotStrategy",
      "total_trades": 10,
      "winning_trades": 7,
      "losing_trades": 3,
      "win_rate": 70.0,
      "total_profit_pct": 0.0,
      "roi": 0.0,
      "max_drawdown": 0.0,
      "profit_factor": 0.3300764652326417,
      "sharpe_ratio": 0.0,
      "sortino_ratio": 0.0,
      "calmar_ratio": 0.0,
      "expectancy": -6.072852866000001,
      "cagr": -0.5454898844336622,
      "avg_profit": 0.0,
      "buys": 10,
      "rejected_signals": 0,
      "leverage": 1
    },
    {
      "strategy_name": "MShotStrategy",
      "total_trades": 10,
      "winning_trades": 7,
      "losing_trades": 3,
      "win_rate": 70.0,
      "total_profit_pct": 0.0,
      "roi": 0.0,
      "max_drawdown": 0.0,
      "profit_factor": 0.3300764652326417,
      "sharpe_ratio": 0.0,
      "sortino_ratio": 0.0,
      "calmar_ratio": 0.0,
      "expectancy": -6.072852866000001,
      "cagr": -0.5454898844336622,
      "avg_profit": 0.0,
      "buys": 10,
      "rejected_signals": 0,
      "leverage": 1
    },
    {
      "strategy_name": "MShotStrategy",
      "total_trades": 10,
      "winning_trades": 7,
      "losing_trades": 3,
      "win_rate": 70.0,
      "total_profit_pct": 0.0,
      "roi": 0.0,
      "max_drawdown": 0.0,
      "profit_factor": 0.3300764652326417,
      "sharpe_ratio": 0.0,
      "sortino_ratio": 0.0,
      "calmar_ratio": 0.0,
      "expectancy": -6.072852866000001,
      "cagr": -0.5454898844336622,
      "avg_profit": 0.0,
      "buys": 10,
      "rejected_signals": 0,
      "leverage": 1
    },
    {
      "strategy_name": "MShotStrategy",
      "total_trades": 10,
      "winning_trades": 7,
      "losing_trades": 3,
      "win_rate": 70.0,
      "total_profit_pct": 0.0,
      "roi": 0.0,
      "max_drawdown": 0.0,
      "profit_factor": 0.3300764652326417,
      "sharpe_ratio": 0.0,
      "sortino_ratio": 0.0,
      "calmar_ratio": 0.0,
      "expectancy": -6.072852866000001,
      "cagr": -0.5454898844336622,
      "avg_profit": 0.0,
      "buys": 10,
      "rejected_signals": 0,
      "leverage": 1
    },
    {
      "strategy_name": "MShotStrategy",
      "total_trades": 10,
      "winning_trades": 7,
      "losing_trades": 3,
      "win_rate": 70.0,
      "total_profit_pct": 0.0,
      "roi": 0.0,
      "max_drawdown": 0.0,
      "profit_factor": 0.3300764652326417,
      "sharpe_ratio": 0.0,
      "sortino_ratio": 0.0,
      "calmar_ratio": 0.0,
      "expectancy": -6.072852866000001,
      "cagr": -0.5454898844336622,
      "avg_profit": 0.0,
      "buys": 10,
      "rejected_signals": 0,
      "leverage": 1
    },
    {
      "strategy_name": "MShotStrategy",
      "total_trades": 10,
      "winning_trades": 7,
      "losing_trades": 3,
      "win_rate": 70.0,
      "total_profit_pct": 0.0,
      "roi": 0.0,
      "max_drawdown": 0.0,
      "profit_factor": 0.3300764652326417,
      "sharpe_ratio": 0.0,
      "sortino_ratio": 0.0,
      "calmar_ratio": 0.0,
      "expectancy": -6.072852866000001,
      "cagr": -0.5454898844336622,
      "avg_profit": 0.0,
      "buys": 10,
      "rejected_signals": 0,
      "leverage": 1
    },
    {
      "strategy_name": "MShotStrategy",
      "total_trades": 10,
      "winning_trades": 7,
      "losing_trades": 3,
      "win_rate": 70.0,
      "total_profit_pct": 0.0,
      "roi": 0.0,
      "max_drawdown": 0.0,
      "profit_factor": 0.3300764652326417,
      "sharpe_ratio": 0.0,
      "sortino_ratio": 0.0,
      "calmar_ratio": 0.0,
      "expectancy": -6.072852866000001,
      "cagr": -0.5454898844336622,
      "avg_profit": 0.0,
      "buys": 10,
      "rejected_signals": 0,
      "leverage": 1
    },
    {
      "strategy_name": "MShotStrategy",
      "total_trades": 10,
      "winning_trades": 7,
      "losing_trades": 3,
      "win_rate": 70.0,
      "total_profit_pct": 0.0,
      "roi": 0.0,
      "max_drawdown": 0.0,
      "profit_factor": 0.3300764652326417,
      "sharpe_ratio": 0.0,
      "sortino_ratio": 0.0,
      "calmar_ratio": 0.0,
      "expectancy": -6.072852866000001,
      "cagr": -0.5454898844336622,
      "avg_profit": 0.0,
      "buys": 10,
      "rejected_signals": 0,
      "leverage": 1
    }
  ]
}