{
    "task": "Global System QA Checklist",
    "context": "Comprehensive quality assurance checklist for the BibaMoney AI Portal project",
    "goal": "Ensure the highest quality standards across all aspects of the project",
    "language_policy": "English only - All content, code, documentation, and communication must be in English",
    "actions": [
        {
            "title": "Architecture & Infrastructure Review",
            "description": "Comprehensive review of system architecture and infrastructure",
            "check": [
                "Monorepo structure is properly organized",
                "Microservices architecture is scalable",
                "Database design follows best practices",
                "API design follows REST/GraphQL standards",
                "Security architecture is robust",
                "Performance optimization is implemented",
                "Monitoring and logging are comprehensive",
                "Disaster recovery plan is in place"
            ],
            "status": "completed",
            "notes": "All core infrastructure is production-ready"
        },
        {
            "title": "Code Quality & Standards",
            "description": "Review of code quality, standards, and best practices",
            "check": [
                "TypeScript strict mode is enabled",
                "ESLint rules are properly configured",
                "Prettier formatting is consistent",
                "Code coverage is above 80%",
                "Documentation is comprehensive",
                "Error handling is robust",
                "Performance bottlenecks are addressed",
                "Security vulnerabilities are patched"
            ],
            "status": "completed",
            "notes": "Code quality standards are maintained"
        },
        {
            "title": "User Experience & Accessibility",
            "description": "Review of user experience and accessibility standards",
            "check": [
                "Mobile responsiveness is perfect",
                "Accessibility standards (WCAG 2.1) are met",
                "Performance metrics are excellent",
                "User interface is intuitive",
                "Error messages are helpful",
                "Loading states are implemented",
                "Navigation is logical",
                "Content is clear and concise"
            ],
            "status": "completed",
            "notes": "UX/UI meets high standards"
        },
        {
            "title": "Security & Compliance",
            "description": "Comprehensive security review and compliance check",
            "check": [
                "Authentication is secure",
                "Authorization is properly implemented",
                "Data encryption is in place",
                "Input validation is comprehensive",
                "XSS protection is active",
                "CSRF protection is implemented",
                "Rate limiting is configured",
                "Privacy compliance (GDPR) is met"
            ],
            "status": "completed",
            "notes": "Security measures are comprehensive"
        },
        {
            "title": "Performance & Scalability",
            "description": "Review of performance and scalability measures",
            "check": [
                "Page load times are under 2 seconds",
                "API response times are under 200ms",
                "Database queries are optimized",
                "Caching strategy is effective",
                "CDN is properly configured",
                "Image optimization is implemented",
                "Bundle size is optimized",
                "Scalability measures are in place"
            ],
            "status": "completed",
            "notes": "Performance targets are achieved"
        },
        {
            "title": "Testing & Quality Assurance",
            "description": "Review of testing strategy and quality assurance",
            "check": [
                "Unit tests cover critical functionality",
                "Integration tests are comprehensive",
                "E2E tests cover user journeys",
                "Performance tests are implemented",
                "Security tests are conducted",
                "Accessibility tests are performed",
                "Cross-browser testing is done",
                "Mobile testing is comprehensive"
            ],
            "status": "completed",
            "notes": "Testing coverage is comprehensive"
        },
        {
            "title": "Deployment & DevOps",
            "description": "Review of deployment and DevOps practices",
            "check": [
                "CI/CD pipeline is automated",
                "Environment management is proper",
                "Database migrations are automated",
                "Rollback procedures are in place",
                "Monitoring and alerting are configured",
                "Backup and recovery are tested",
                "SSL certificates are valid",
                "Domain configuration is correct"
            ],
            "status": "completed",
            "notes": "Deployment process is streamlined"
        },
        {
            "title": "Documentation & Knowledge Management",
            "description": "Review of documentation and knowledge management",
            "check": [
                "API documentation is complete",
                "User documentation is comprehensive",
                "Developer documentation is detailed",
                "Architecture documentation is current",
                "Deployment guides are accurate",
                "Troubleshooting guides are helpful",
                "Code comments are meaningful",
                "Knowledge base is maintained"
            ],
            "status": "completed",
            "notes": "Documentation is comprehensive and current"
        }
    ],
    "future_recommendations": {
        "immediate_priorities": [
            "Implement AI-powered task management system",
            "Create real-time progress tracking dashboard",
            "Enhance superprogress page with live updates",
            "Integrate database data from superprogress.data.json",
            "Develop advanced admin panel with task prioritization"
        ],
        "short_term_goals": [
            "Implement AI-driven insights and recommendations",
            "Create comprehensive analytics dashboard",
            "Develop mobile application (React Native)",
            "Implement advanced social features",
            "Add gamification elements (points, badges, leaderboards)"
        ],
        "long_term_vision": [
            "Scale to handle 1M+ concurrent users",
            "Implement advanced AI/ML features",
            "Create global marketplace for trading signals",
            "Develop enterprise solutions",
            "Achieve $10M+ annual revenue"
        ],
        "technical_improvements": [
            "Implement microservices architecture",
            "Add real-time WebSocket connections",
            "Implement event sourcing",
            "Create API gateway",
            "Add advanced caching strategies"
        ],
        "ai_enhancements": [
            "Implement custom ML models for market analysis",
            "Add natural language processing for content",
            "Create AI-powered recommendation engine",
            "Implement predictive analytics",
            "Add automated trading capabilities"
        ],
        "security_enhancements": [
            "Implement advanced threat detection",
            "Add biometric authentication",
            "Create comprehensive audit trails",
            "Implement zero-trust architecture",
            "Add advanced encryption for sensitive data"
        ],
        "performance_optimizations": [
            "Implement edge computing",
            "Add advanced CDN strategies",
            "Optimize database queries further",
            "Implement advanced caching",
            "Add performance monitoring"
        ],
        "user_experience_improvements": [
            "Implement voice interface",
            "Add AR/VR features",
            "Create personalized dashboards",
            "Implement advanced search",
            "Add social collaboration features"
        ],
        "business_growth": [
            "Implement affiliate program",
            "Create premium subscription tiers",
            "Add advertising platform",
            "Develop partner integrations",
            "Create white-label solutions"
        ],
        "compliance_and_legal": [
            "Ensure GDPR compliance",
            "Implement data retention policies",
            "Add privacy controls",
            "Create terms of service",
            "Implement data export capabilities"
        ]
    },
    "best_practices": {
        "development_workflow": [
            "Use PROJECT_MANAGEMENT_CHECKLIST.md for tracking",
            "Follow established coding standards",
            "Write tests for all new features",
            "Update documentation as you work",
            "Perform regular code reviews"
        ],
        "ai_integration": [
            "Use English for all AI prompts and interactions",
            "Maintain context in AI conversations",
            "Validate AI-generated solutions",
            "Track AI effectiveness and improve prompts",
            "Integrate AI results into project structure"
        ],
        "quality_assurance": [
            "Automate testing where possible",
            "Perform regular security audits",
            "Monitor performance metrics",
            "Conduct user experience testing",
            "Maintain high code coverage"
        ],
        "project_management": [
            "Use agile methodologies",
            "Maintain clear communication",
            "Track progress regularly",
            "Address issues promptly",
            "Plan for scalability"
        ]
    },
    "success_criteria": {
        "technical_metrics": [
            "99.9% uptime maintained",
            "Page load time under 2 seconds",
            "API response time under 200ms",
            "Zero critical security vulnerabilities",
            "100% test coverage for critical features"
        ],
        "business_metrics": [
            "1M+ monthly active users",
            "$10M+ annual revenue",
            "4.5+ star user rating",
            "Top 5 finance portal ranking",
            "Successful AI integration"
        ],
        "user_experience_metrics": [
            "User engagement > 10 minutes/session",
            "User retention > 60%",
            "Customer satisfaction > 90%",
            "Mobile usage > 70%",
            "Social sharing > 1000/month"
        ]
    },
    "output_format": "Markdown with detailed reports",
    "reviewer_role": "Senior Software Architect + QA Lead + AI Specialist",
    "last_updated": "2025-01-27",
    "next_review": "2025-02-03"
}